{"cameraMode":{"drawMode":0,"name":"Shaded","section":"Shading Mode"},"sceneLighting":false,"audioPlay":false,"sceneViewState":{"showFog":true,"showMaterialUpdate":false,"showSkybox":false,"showFlares":true,"showImageEffects":true,"showParticleSystems":true},"in2DMode":false,"pivot":{"x":1.782806396484375,"y":3.1112101078033449,"z":-0.13651733100414277},"rotation":{"x":0.6589317917823792,"y":-3.0226401936950256e-10,"z":-1.4348412458176086e-9,"w":0.7522018551826477},"size":1.809999942779541,"orthographic":false}