{"cameraMode":{"drawMode":0,"name":"Shaded","section":"Shading Mode"},"sceneLighting":false,"audioPlay":false,"sceneViewState":{"showFog":true,"showMaterialUpdate":false,"showSkybox":false,"showFlares":true,"showImageEffects":true,"showParticleSystems":true},"in2DMode":false,"pivot":{"x":0.0,"y":1.2599999904632569,"z":0.28999999165534975},"rotation":{"x":-0.16097238659858704,"y":0.6970568299293518,"z":-0.16527678072452546,"w":-0.6788914203643799},"size":0.17320509254932404,"orthographic":false}